<?xml version="1.0" encoding="UTF-8"?><?xml-stylesheet type='text/xsl' href='_UpgradeReport_Files/UpgradeReport.xslt'?><UpgradeLog>
<Properties><Property Name="Solution" Value="ODonel Simple ROV Controller">
</Property><Property Name="Solution File" Value="C:\Users\Psych\Documents\ODonel Simple ROV Controller\ODonel Simple ROV Controller\ODonel Simple ROV Controller.sln">
</Property><Property Name="Date" Value="Saturday, January 17, 2009">
</Property><Property Name="Time" Value="16:14 PM">
</Property></Properties><Event ErrorLevel="0" Project="" Source="ODonel Simple ROV Controller.sln" Description="File successfully backed up as C:\Users\Psych\Documents\ODonel Simple ROV Controller\ODonel Simple ROV Controller\Backup\ODonel Simple ROV Controller.sln">
</Event><Event ErrorLevel="0" Project="ODonel Simple ROV Controller" Source="ODonel Simple ROV Controller.csproj" Description="Project file successfully backed up as C:\Users\Psych\Documents\ODonel Simple ROV Controller\ODonel Simple ROV Controller\Backup\ODonel Simple ROV Controller.csproj">
</Event><Event ErrorLevel="0" Project="ODonel Simple ROV Controller" Source="MainForm.cs" Description="File successfully backed up as C:\Users\Psych\Documents\ODonel Simple ROV Controller\ODonel Simple ROV Controller\Backup\MainForm.cs">
</Event><Event ErrorLevel="0" Project="ODonel Simple ROV Controller" Source="MainForm.Designer.cs" Description="File successfully backed up as C:\Users\Psych\Documents\ODonel Simple ROV Controller\ODonel Simple ROV Controller\Backup\MainForm.Designer.cs">
</Event><Event ErrorLevel="0" Project="ODonel Simple ROV Controller" Source="AssemblyInfo.cs" Description="File successfully backed up as C:\Users\Psych\Documents\ODonel Simple ROV Controller\ODonel Simple ROV Controller\Backup\AssemblyInfo.cs">
</Event><Event ErrorLevel="0" Project="ODonel Simple ROV Controller" Source="MainForm.resx" Description="File successfully backed up as C:\Users\Psych\Documents\ODonel Simple ROV Controller\ODonel Simple ROV Controller\Backup\MainForm.resx">
</Event><Event ErrorLevel="0" Project="ODonel Simple ROV Controller" Source="ODonel Simple ROV Controller.csproj" Description="Project converted successfully">
</Event><Event ErrorLevel="3" Project="ODonel Simple ROV Controller" Source="ODonel Simple ROV Controller.csproj" Description="Converted">
</Event><Event ErrorLevel="0" Project="" Source="ODonel Simple ROV Controller.sln" Description="Solution converted successfully">
</Event><Event ErrorLevel="3" Project="" Source="ODonel Simple ROV Controller.sln" Description="Converted">
</Event><Event ErrorLevel="0" Project="ODonel Simple ROV Controller" Source="ODonel Simple ROV Controller.csproj" Description="Scan complete: Upgrade not required for project files.">
</Event></UpgradeLog>